{"IcoMoonType":"selection","icons":[{"icon":{"paths":["M512 576l256-256h-192v-256h-128v256h-192zM744.726 471.272l-71.74 71.742 260.080 96.986-421.066 157.018-421.066-157.018 260.080-96.986-71.742-71.742-279.272 104.728v256l512 192 512-192v-256z"],"tags":["download","save","store","arrow"],"defaultCode":59744,"grid":16,"attrs":[]},"attrs":[],"properties":{"ligatures":"download, save","name":"download","order":13,"id":97,"prevSize":32,"code":59744},"setIdx":0,"setId":1,"iconIdx":96},{"icon":{"paths":["M192 1024h640l64-704h-768zM640 128v-128h-256v128h-320v192l64-64h768l64 64v-192h-320zM576 128h-128v-64h128v64z"],"tags":["bin","trashcan","remove","delete","recycle","dispose"],"defaultCode":59821,"grid":16,"attrs":[]},"attrs":[],"properties":{"ligatures":"bin2, trashcan2","name":"bin2","order":11,"id":174,"prevSize":32,"code":59821},"setIdx":0,"setId":1,"iconIdx":173}],"height":1024,"metadata":{"name":"icomoon"},"preferences":{"showGlyphs":true,"showQuickUse":true,"showQuickUse2":true,"showSVGs":true,"fontPref":{"prefix":"icon-","metadata":{"fontFamily":"icomoon"},"metrics":{"emSize":1024,"baseline":6.25,"whitespace":50},"embed":false},"imagePref":{"prefix":"icon-","png":true,"useClassSelector":true,"color":0,"bgColor":16777215,"classSelector":".icon"},"historySize":50,"showCodes":true,"gridSize":16,"showLiga":true}}